year,sentiment_score
2024.0,0.12586985645933013
2025.0,0.11400451995342438
2026.0,0.15035
